n.id,n.louvain
0,282
1,282
2,282
3,282
4,282
5,282
6,282
7,282
8,282
9,282
10,282
13,282
14,282
16,282
17,282
19,282
20,282
21,282
22,282
23,282
24,282
25,282
26,282
27,282
28,282
29,282
30,282
31,282
32,282
33,282
34,1697
35,282
36,282
38,282
39,282
40,282
41,282
44,282
45,282
46,282
47,282
48,282
49,282
50,282
51,282
52,282
53,282
54,282
55,282
56,282
57,282
58,2939
59,282
60,282
61,282
62,282
63,282
64,282
65,282
66,282
67,282
68,282
69,282
70,282
71,282
72,282
73,282
75,282
76,282
77,282
78,282
79,282
80,282
81,282
82,282
83,282
84,282
85,282
86,282
87,282
88,282
89,282
90,282
91,282
92,282
93,282
94,282
95,282
96,282
97,282
98,282
99,282
100,282
101,282
102,282
103,282
104,282
105,282
106,282
107,1613
108,282
109,282
110,282
111,282
112,282
113,282
115,282
116,282
117,282
118,282
119,282
120,282
121,282
122,282
123,282
124,282
125,282
126,282
127,282
128,282
129,282
130,282
131,282
132,282
133,282
134,282
135,282
136,2111
137,282
139,282
140,282
141,282
142,282
143,282
144,282
145,282
146,282
147,282
148,282
149,282
150,282
151,282
152,282
153,282
154,282
155,282
156,282
158,282
159,282
160,282
161,282
162,282
163,282
164,282
165,282
166,282
167,282
168,282
169,282
170,282
171,2939
172,282
173,1697
174,282
175,282
176,282
177,282
178,282
180,282
181,282
182,282
184,282
185,282
186,282
187,282
188,282
189,282
190,282
192,282
193,282
194,282
195,282
196,282
197,282
198,1697
199,282
200,282
201,282
202,282
203,282
204,282
206,282
207,282
208,282
211,282
212,282
213,282
214,282
216,282
217,282
218,282
219,282
220,282
221,282
222,282
223,282
224,282
225,282
226,282
227,282
228,282
229,282
230,282
231,282
232,282
233,282
234,282
236,282
238,282
239,282
242,282
243,282
244,282
245,282
246,282
248,282
249,282
250,282
251,282
252,282
254,282
257,282
258,282
259,282
260,282
261,282
262,282
263,282
265,282
266,282
268,282
269,282
271,282
272,282
273,282
274,282
275,282
276,282
277,282
280,282
281,282
284,282
285,282
288,282
290,282
291,282
297,282
299,282
300,282
301,282
302,282
303,282
304,282
305,282
306,282
308,282
309,282
310,282
311,282
312,282
313,282
314,282
315,282
318,282
319,282
320,282
322,282
323,282
324,282
325,282
326,282
329,282
330,282
331,282
333,282
334,282
339,282
348,1697
349,1697
350,1697
351,1697
352,1697
353,1697
354,1697
355,1697
356,1697
357,1697
359,1697
360,1697
361,1697
362,1697
363,1697
364,1697
365,1697
366,1697
367,1697
368,1697
369,1697
370,1697
371,1697
372,1697
373,1697
374,1697
375,1697
376,1697
377,1697
378,1697
379,1697
380,1697
381,1697
382,1697
383,1697
384,1697
385,1697
386,1697
387,1697
388,1697
389,1362
390,1697
391,1697
392,1697
393,1697
394,1697
395,1697
396,1697
397,1697
398,1697
399,1697
400,1697
402,1697
403,1697
404,1697
405,1697
406,1697
407,1697
408,1697
409,1697
410,1697
411,1697
412,1697
413,1697
414,1697
415,1697
416,1697
417,1697
418,1697
419,1697
420,1697
421,1697
422,1697
423,1697
424,1697
425,1697
426,1697
427,1697
428,1697
429,1697
430,1697
431,1697
432,1697
433,1697
434,1697
435,1697
436,1697
437,1697
438,1697
439,1697
440,1697
441,1697
442,1697
443,1697
444,1697
445,1697
446,1697
448,1697
449,1697
450,1697
451,1697
452,1697
453,1697
454,1697
455,1697
456,1697
457,1697
458,1697
459,1697
460,1697
461,1697
462,1697
463,1697
464,1697
465,1697
466,1697
467,1697
469,1697
470,1697
471,1697
472,1697
473,1697
474,1697
475,1697
476,1697
477,1697
478,1697
479,1697
480,1697
481,1697
482,1697
483,1697
484,1697
485,1697
486,1697
487,1697
488,1697
489,1697
490,1697
491,1697
492,1697
493,1697
494,1697
495,1697
496,1697
497,1697
498,1697
499,1697
500,1697
501,1697
502,1697
503,1697
504,1697
505,1697
506,1697
507,1697
508,1697
509,1697
510,1697
511,1697
512,1697
513,1697
514,1697
515,1697
516,1697
517,1697
518,1697
519,1697
520,1697
521,1697
522,1697
523,1697
524,1697
525,1697
526,1697
527,1697
528,1697
529,1697
531,1697
532,1697
534,1697
536,1697
537,1697
538,1697
539,1697
540,1697
541,1697
542,1697
543,1697
544,1697
545,1697
546,1697
547,1697
548,1697
549,1697
551,1697
553,1697
554,1697
555,1697
556,1697
557,1697
558,1697
559,1697
560,1697
561,1697
563,1697
566,1697
567,1697
573,1697
574,1697
575,1697
576,468
577,468
578,468
579,1697
580,1697
581,1697
582,468
583,468
584,1697
586,1697
587,1697
588,1697
589,1697
590,1697
591,1697
592,1697
594,3648
595,468
596,1697
597,1697
598,1697
599,468
600,468
601,1697
603,1697
604,1697
605,1697
606,1697
609,1697
611,1697
612,1697
614,1697
615,468
616,1697
617,1697
618,1697
619,1697
620,1697
621,1697
622,1697
623,1697
625,1697
626,1697
627,468
628,468
629,1697
630,1697
631,1697
632,468
633,1697
634,1697
635,468
636,1697
637,1697
639,1697
640,468
641,1697
643,468
644,1697
645,1697
646,1697
647,468
649,1697
650,468
651,1697
653,1697
654,1697
655,1697
657,1697
658,468
659,468
661,468
662,468
664,1697
665,468
666,1697
669,1697
670,468
672,1697
675,468
676,1697
677,1697
678,1697
679,1697
680,1697
686,598
687,598
688,598
689,598
690,598
691,598
693,598
694,598
695,598
696,598
697,598
698,598
699,598
700,598
701,598
702,598
703,598
704,598
705,598
706,598
707,598
708,598
709,598
710,598
711,598
712,598
713,598
714,598
715,598
716,598
717,598
718,598
719,598
720,598
721,598
722,598
723,598
724,598
725,598
726,598
727,598
728,598
729,598
730,598
731,598
732,598
733,598
734,598
735,598
736,598
737,598
738,598
739,598
740,598
741,598
742,598
743,598
744,598
745,598
746,598
747,598
748,598
749,598
750,598
751,598
752,598
753,598
754,598
755,598
756,598
757,598
758,598
759,598
760,598
761,598
762,598
763,598
764,598
765,598
766,598
767,598
768,598
769,598
770,598
771,598
772,598
773,598
774,598
776,598
777,598
778,598
779,598
780,598
781,598
782,598
783,598
784,598
785,598
786,598
787,598
788,598
789,598
790,598
791,598
792,598
793,598
794,598
795,598
796,598
797,598
798,598
799,598
800,598
802,598
803,598
804,598
805,598
806,598
807,598
808,598
809,598
810,598
811,598
812,598
813,598
814,598
815,598
816,598
817,598
818,598
819,598
820,598
821,598
822,598
823,598
824,598
825,598
826,598
827,598
828,598
829,598
830,598
831,598
834,598
835,598
836,598
837,598
838,598
840,598
842,598
844,598
845,598
847,598
852,598
856,598
857,3609
858,598
859,598
860,598
861,598
862,3609
863,598
864,598
865,3609
866,598
867,598
869,598
870,598
871,598
872,598
873,598
874,598
876,598
877,598
878,598
879,598
881,598
882,598
884,598
885,598
886,598
888,598
896,1362
897,1613
898,1362
899,1613
900,2598
901,2598
902,1362
903,2598
904,1613
905,1697
906,1613
907,1613
908,2598
909,2598
910,1697
912,1697
913,1362
914,1362
915,1697
916,1613
917,1362
919,1362
920,1613
921,1613
922,1613
923,2939
924,1362
925,1613
926,1613
927,1613
928,2598
929,2939
930,1697
931,1697
932,1613
933,1362
934,1613
935,1362
936,1697
937,1362
938,2598
939,1697
940,1362
941,1362
942,1362
943,1362
944,1362
945,1362
946,1613
947,1613
948,1697
949,1362
950,2598
951,2598
952,1613
953,1613
954,1362
955,2598
956,2598
957,1362
958,2598
959,1613
960,1613
961,1613
962,1697
963,2598
964,1362
965,1362
966,1613
967,1613
968,1362
969,1362
970,2598
971,1362
972,1613
973,1613
974,1362
975,1362
976,1697
977,1362
978,1613
979,2598
980,1613
981,1362
982,1613
983,1613
984,1362
985,1362
986,1362
987,2598
988,1362
989,1362
990,2939
991,1613
992,2598
993,1613
994,1362
995,1613
996,2939
997,1613
998,1613
999,1613
1000,1362
1001,1697
1002,1613
1003,1613
1004,1613
1005,1362
1006,1613
1007,1362
1008,1613
1009,1362
1010,1362
1011,1362
1012,1697
1013,1362
1014,1362
1015,1362
1016,2598
1017,1613
1018,1362
1019,1362
1020,1362
1021,1362
1022,1613
1023,2598
1024,1613
1025,1697
1026,1613
1027,1613
1028,1613
1029,1613
1030,2598
1031,2598
1032,1362
1033,2598
1034,1613
1035,1362
1036,1362
1037,1362
1038,1613
1039,1613
1040,1613
1041,1362
1042,1362
1043,2598
1044,1362
1045,2598
1046,1613
1047,1613
1048,1613
1049,1613
1050,1613
1051,1362
1052,1362
1053,2598
1054,1613
1055,1613
1056,1613
1057,2598
1058,2939
1059,1613
1060,1362
1061,2598
1062,1362
1063,1613
1064,1697
1065,1362
1066,1362
1067,1362
1068,1613
1069,1613
1070,1362
1071,1697
1072,1362
1073,2598
1074,1613
1075,1613
1076,1613
1077,1613
1078,1613
1079,1613
1080,1697
1081,1362
1082,1362
1083,1613
1084,1613
1085,3609
1086,1613
1087,2939
1088,2598
1089,1362
1090,1362
1091,1613
1092,1613
1093,1362
1094,1697
1095,1697
1097,2598
1098,2598
1099,1362
1100,1362
1101,1613
1102,1362
1103,1362
1104,1362
1105,1613
1106,1362
1107,1613
1108,1362
1109,1362
1110,1613
1111,2598
1112,1613
1113,1697
1114,1697
1115,1362
1116,1613
1117,1613
1118,2598
1120,1362
1121,1362
1122,1697
1123,1613
1124,1613
1125,1613
1126,1613
1127,1362
1128,1613
1129,1362
1130,1613
1131,1362
1132,1613
1133,1613
1134,1362
1135,1613
1136,2598
1137,2598
1138,2598
1139,1362
1140,2939
1141,1362
1142,1697
1143,1362
1144,2598
1146,1613
1147,1362
1148,1362
1149,1613
1150,1613
1151,1613
1152,1362
1153,1613
1154,1697
1155,1697
1156,1613
1157,1613
1158,1362
1159,1362
1160,1613
1161,1613
1162,1697
1163,1613
1164,1613
1165,2598
1166,1362
1167,1362
1168,1362
1169,1362
1170,1362
1171,2939
1172,1613
1173,1613
1174,2598
1175,1613
1176,1362
1177,2598
1178,2598
1179,1697
1180,1613
1181,1613
1182,1613
1183,1362
1184,1613
1185,1613
1186,2598
1187,2598
1188,1362
1189,1362
1190,1362
1191,1613
1192,1362
1193,2939
1194,1613
1195,1613
1196,1613
1197,2598
1198,1613
1199,1613
1200,1697
1201,1613
1202,1697
1203,2598
1204,1362
1205,1613
1207,1613
1209,1613
1210,1697
1211,1613
1212,1697
1213,1362
1214,1613
1215,1362
1216,2598
1217,1362
1218,2598
1219,1613
1220,1613
1221,1362
1222,1613
1223,1697
1225,1362
1226,1362
1227,1362
1228,1362
1229,1362
1230,1613
1231,1362
1232,2598
1234,1697
1235,1362
1236,1362
1237,1697
1238,1613
1239,1613
1240,2598
1241,1362
1242,1613
1243,1613
1244,1362
1245,1362
1246,1362
1247,1362
1248,1362
1249,1362
1250,1613
1251,2598
1252,2598
1254,2598
1255,1613
1256,1613
1257,1362
1258,1362
1259,1362
1260,1362
1261,1362
1262,1613
1263,1697
1264,1362
1265,1613
1266,1613
1267,1613
1268,1362
1269,1613
1270,1613
1271,1613
1272,1613
1273,1362
1274,2598
1275,1362
1276,1613
1277,1362
1278,1613
1279,1362
1280,1613
1281,1362
1282,1362
1283,1613
1284,1362
1285,1613
1286,1362
1287,1613
1288,1613
1289,1613
1290,1613
1291,1613
1292,1362
1293,1613
1294,1697
1295,1697
1296,1362
1297,2939
1298,1362
1299,1362
1300,1697
1301,1613
1302,1613
1303,1362
1304,1362
1305,1613
1306,1362
1307,2598
1308,1362
1309,1362
1310,1362
1311,1362
1312,1613
1313,1697
1314,2598
1315,1362
1316,1362
1317,2939
1318,1697
1319,2598
1320,1697
1321,1613
1322,1362
1323,1613
1324,1362
1325,2598
1327,1613
1328,2598
1329,1613
1330,1613
1331,1613
1332,1697
1333,2598
1334,1613
1335,1613
1336,1613
1337,1613
1338,1362
1339,1613
1340,1613
1341,1613
1342,1697
1343,1362
1344,1613
1345,1362
1346,1613
1347,1362
1348,1362
1349,1697
1350,1362
1351,1613
1352,1613
1353,2598
1354,1362
1355,1362
1356,1697
1357,1697
1358,1697
1359,1613
1360,2598
1361,1613
1362,1362
1363,2598
1364,1362
1365,1613
1366,1362
1367,1613
1368,2598
1369,1613
1370,1613
1371,2598
1372,1697
1373,1362
1374,1697
1375,1613
1376,1613
1377,1613
1378,2598
1379,1362
1380,1613
1381,1362
1382,1362
1383,1613
1384,2598
1385,1362
1387,2939
1388,1613
1389,1613
1390,1613
1391,1613
1392,1362
1393,1613
1395,1613
1396,1362
1397,1697
1398,1613
1399,1613
1400,1697
1401,1613
1402,1613
1403,2598
1404,1362
1405,1613
1406,1362
1407,1613
1408,1697
1409,1613
1410,2598
1411,1613
1412,1362
1413,1362
1414,1362
1415,1362
1416,1613
1417,1362
1418,1362
1419,1613
1420,1613
1421,2598
1422,1697
1423,1362
1424,2598
1425,1697
1426,1362
1427,1697
1428,1362
1429,1362
1430,1697
1431,1613
1432,1362
1433,2598
1434,1613
1435,1362
1436,1362
1437,1613
1438,1362
1439,1613
1440,1613
1441,1613
1442,1613
1443,1697
1444,1362
1445,2598
1446,1697
1447,1613
1448,1362
1449,1613
1450,2939
1451,1362
1452,2598
1453,1697
1454,1362
1455,1697
1456,1613
1457,1613
1458,1613
1459,1362
1460,1613
1461,1613
1462,1362
1463,1613
1464,1697
1465,2111
1467,1613
1468,2598
1469,1362
1470,1613
1471,1613
1472,1362
1473,1362
1474,1362
1475,1362
1476,1613
1477,2939
1478,1697
1479,1362
1480,1613
1481,1362
1482,1362
1483,1613
1484,1613
1485,1613
1487,1697
1488,1613
1489,1362
1490,1697
1491,1613
1492,1362
1493,2598
1494,2598
1495,1362
1496,1362
1497,1697
1498,1613
1499,2598
1500,1362
1501,1613
1502,1362
1503,1362
1504,1362
1505,2939
1506,1697
1507,1362
1508,1362
1509,1613
1510,1362
1511,2598
1512,1697
1513,1613
1514,1697
1515,1362
1516,1613
1517,1613
1518,1613
1519,1613
1520,1613
1521,1613
1522,1613
1523,1613
1524,1613
1525,1362
1526,1697
1527,1613
1528,1613
1529,1362
1530,1613
1531,1362
1532,1613
1533,2598
1534,2939
1535,1613
1536,1362
1537,1613
1538,1613
1539,1613
1540,1613
1541,1362
1542,1613
1543,1697
1544,1613
1545,1697
1546,2598
1547,1613
1548,2598
1549,1697
1550,1362
1551,1613
1552,2939
1553,2598
1554,1613
1555,2598
1556,1613
1557,1613
1558,1613
1559,1613
1561,1613
1562,2598
1563,1613
1564,1613
1565,1697
1566,1697
1567,2598
1568,2598
1569,1362
1570,1613
1571,1613
1572,1613
1573,1362
1574,1697
1575,1362
1576,1362
1577,2111
1578,1362
1580,1613
1582,1362
1583,1362
1584,1613
1585,1613
1587,1362
1588,2598
1589,1613
1590,1613
1591,1362
1592,1362
1593,2598
1594,1613
1595,1362
1596,1362
1597,1613
1598,1613
1599,1697
1600,1613
1601,2598
1602,1697
1603,1613
1604,1613
1605,1613
1606,1697
1607,2598
1608,1613
1609,1613
1610,1613
1611,1362
1612,1613
1613,1613
1614,1613
1615,2598
1616,1697
1617,1613
1618,1613
1619,1613
1620,1613
1621,1613
1622,1613
1623,1613
1624,1362
1625,1697
1626,1613
1627,1613
1628,1362
1629,2598
1630,1362
1631,1697
1632,1613
1633,1362
1634,1362
1635,1362
1636,1362
1637,1613
1638,1362
1639,1613
1640,1362
1641,2598
1642,2939
1643,1613
1644,1613
1645,1697
1646,1362
1647,1362
1648,2598
1649,1362
1650,1362
1651,1613
1652,1613
1653,1613
1654,1697
1655,1362
1656,2939
1657,1697
1658,1362
1659,1613
1660,1697
1661,1362
1662,1613
1663,1613
1664,1362
1665,1613
1666,2939
1667,1362
1668,1613
1669,1613
1670,1613
1671,1697
1672,1362
1673,1697
1674,1613
1675,1613
1676,2598
1677,1697
1678,1613
1679,1697
1680,1362
1681,1362
1682,1362
1683,1613
1684,2939
1685,1613
1686,1362
1687,2598
1688,1613
1689,1613
1691,1362
1692,1697
1693,2598
1694,1697
1695,1697
1696,1697
1697,1613
1698,2598
1699,1362
1700,1613
1701,2939
1702,1613
1703,1362
1704,1362
1705,2598
1706,1362
1707,1613
1709,1362
1710,1613
1712,1613
1714,1613
1715,1362
1716,1362
1717,1613
1718,2111
1719,2598
1720,1362
1721,1613
1722,1613
1723,1613
1724,1613
1725,1362
1726,2939
1727,1362
1728,1362
1729,1362
1730,1613
1731,1697
1732,1362
1733,2598
1734,1613
1735,1613
1736,1613
1737,1613
1738,1362
1739,1362
1740,1697
1741,1613
1742,1362
1743,1697
1744,1697
1745,1362
1746,1613
1747,2598
1748,1362
1749,1362
1750,1613
1751,1362
1752,1613
1753,1613
1754,1613
1756,1362
1757,1613
1758,2939
1759,1362
1761,1613
1763,1697
1765,1613
1766,1697
1767,1697
1768,1613
1769,1613
1770,1362
1771,1613
1772,1613
1773,1697
1774,1613
1775,1613
1776,1697
1778,1697
1779,1613
1780,1613
1781,1362
1782,1613
1783,1362
1784,2598
1785,1362
1786,1362
1787,2598
1789,1613
1790,1697
1791,1613
1792,2939
1793,1613
1794,1362
1795,1613
1796,1613
1797,1613
1798,2598
1799,1613
1800,1613
1801,1697
1802,2598
1803,2598
1804,1613
1805,1613
1806,2598
1807,1362
1809,1613
1810,1613
1811,1613
1812,1362
1813,1613
1815,1362
1816,1613
1817,1613
1818,1362
1819,1613
1820,1362
1821,1613
1822,1613
1823,1613
1824,1362
1826,1613
1827,1613
1828,1362
1829,1697
1831,1697
1832,1613
1833,1613
1835,1613
1836,1613
1837,2598
1839,1613
1841,1362
1842,1613
1843,1613
1844,1697
1845,1613
1846,1613
1847,1362
1848,1362
1849,1613
1850,1362
1852,1613
1857,1362
1858,1613
1859,1362
1860,1613
1861,1613
1862,1362
1863,1613
1864,1613
1865,1613
1867,1613
1868,1613
1869,1362
1870,1697
1871,1362
1872,1362
1873,1362
1874,1613
1876,1362
1877,1613
1878,1697
1879,1613
1880,2598
1881,1697
1884,1362
1885,1362
1886,1613
1887,1362
1888,1613
1893,1362
1894,1362
1897,1362
1898,1613
1899,1362
1901,1697
1902,1613
1904,1362
1909,1613
1912,2111
1913,2111
1914,1859
1915,2111
1916,2111
1917,1830
1918,1830
1919,1859
1920,2111
1921,1859
1922,2111
1923,2111
1924,2111
1925,1830
1926,2111
1927,1859
1928,1859
1929,1830
1930,2111
1931,1859
1932,2111
1933,2111
1934,2111
1935,1859
1936,2111
1937,2111
1938,1830
1939,2111
1940,2111
1941,2111
1942,1830
1943,1830
1944,2111
1945,2111
1946,1830
1947,2111
1948,2111
1949,2111
1950,1859
1951,1859
1952,2111
1953,1830
1954,2111
1955,2111
1956,2111
1957,1859
1958,1859
1959,2111
1960,2111
1961,2111
1962,1830
1963,1830
1964,2111
1965,2111
1966,1830
1968,1859
1969,2111
1970,2111
1971,1830
1972,1859
1973,1859
1974,2111
1975,2111
1976,1859
1977,2111
1978,2111
1979,1830
1980,1859
1981,2111
1982,2111
1983,1830
1984,1830
1985,1830
1986,1830
1987,2111
1988,2111
1989,1830
1990,2111
1991,1859
1992,2111
1993,1830
1994,2111
1995,1859
1996,2111
1997,1830
1998,1859
1999,1859
2000,1859
2001,1859
2002,2111
2003,2111
2004,1859
2005,1830
2006,1859
2007,2111
2008,2111
2009,1859
2010,2111
2011,1859
2012,1859
2013,1859
2014,1859
2015,2111
2016,1859
2017,2111
2018,1859
2019,1830
2020,1830
2021,1830
2022,1859
2023,2111
2024,1859
2025,1859
2026,2111
2027,1859
2028,2111
2029,2111
2030,1830
2031,2111
2032,2111
2033,1830
2034,2111
2035,2111
2036,2111
2037,1830
2038,2111
2039,2111
2040,1830
2041,2111
2042,2111
2043,1830
2044,1830
2045,1830
2046,1830
2047,2111
2048,2111
2049,2111
2050,1859
2051,2111
2052,2111
2053,2111
2054,2111
2055,1830
2056,1830
2057,2111
2058,1830
2059,1830
2060,1830
2061,1859
2062,2111
2063,1830
2064,1830
2065,2111
2066,2111
2067,1830
2068,2111
2069,1830
2070,2111
2071,2111
2072,2111
2073,1830
2074,1830
2075,2111
2076,2111
2077,1830
2078,1830
2080,2111
2081,2111
2082,2111
2083,1830
2084,1830
2085,2111
2086,1830
2087,2111
2088,1830
2089,2111
2090,1830
2091,2111
2092,1830
2093,1830
2094,2111
2095,1830
2096,2111
2097,1859
2098,1830
2099,2111
2100,2111
2101,2111
2102,2111
2103,1830
2104,1830
2105,2111
2106,2111
2107,2111
2108,1830
2109,1830
2110,2111
2111,2111
2112,1830
2113,2111
2114,2111
2115,1830
2116,1859
2117,2111
2118,1830
2119,2111
2120,2111
2121,1830
2122,1830
2123,1830
2124,1830
2125,2111
2126,2111
2127,2111
2128,2111
2129,2111
2130,2111
2131,1830
2132,2111
2133,2111
2134,2111
2135,2111
2136,1830
2137,2111
2138,2111
2139,1830
2140,1830
2141,2111
2142,1830
2143,2111
2144,2111
2145,2111
2146,2111
2147,1830
2148,2111
2149,2111
2150,1830
2151,2111
2152,2111
2153,2111
2154,1830
2155,2111
2156,2111
2157,1859
2158,2111
2159,1859
2160,2111
2161,2111
2162,2111
2163,2111
2164,1830
2165,1830
2166,2111
2167,2111
2168,2111
2169,2111
2170,2111
2171,1859
2172,1830
2173,2111
2174,2111
2175,2111
2176,2111
2177,2111
2178,2111
2179,1830
2180,2111
2181,2111
2182,2111
2183,2111
2184,1830
2185,2111
2186,2111
2187,2111
2188,1830
2189,2111
2190,1830
2191,2111
2192,1859
2193,2111
2194,2111
2196,2111
2197,2111
2198,2111
2199,2111
2200,1830
2201,1830
2202,1859
2203,2111
2204,2111
2205,2111
2206,1830
2207,2111
2208,2111
2209,2111
2210,1830
2211,2111
2212,1830
2213,1830
2214,2111
2215,2111
2216,1830
2217,2111
2218,1830
2219,2111
2220,1830
2221,2111
2222,2111
2223,2111
2224,2111
2225,1859
2226,2111
2227,2111
2228,2111
2229,1830
2230,2111
2231,2111
2232,2111
2233,1830
2234,1830
2235,2111
2236,2111
2237,1830
2238,2111
2239,2111
2240,1830
2241,2111
2242,2111
2243,2111
2244,1830
2245,2111
2246,2111
2247,2111
2248,2111
2249,2111
2250,2111
2251,2111
2252,2111
2253,1830
2254,2111
2255,2111
2256,2111
2257,1830
2258,1830
2259,2111
2260,2111
2261,1830
2262,1830
2263,2111
2264,2111
2265,2111
2266,1830
2267,2111
2268,2111
2270,2111
2271,1830
2272,2111
2273,2111
2274,2111
2275,1830
2276,1830
2277,2111
2278,1830
2279,2111
2280,2111
2281,2111
2282,2111
2283,2111
2284,1859
2285,2111
2286,2111
2287,1830
2288,1830
2289,2111
2290,1830
2291,2111
2292,2111
2293,2111
2294,2111
2295,2111
2296,2111
2297,1859
2298,2111
2299,1830
2300,1830
2301,2111
2302,2111
2303,1830
2304,2111
2305,2111
2306,1830
2307,1830
2308,1830
2309,1830
2310,2111
2311,1830
2312,2111
2313,2111
2314,2111
2315,2111
2316,2111
2317,2111
2318,2111
2319,2111
2320,2111
2321,2111
2322,2111
2323,1830
2324,1830
2325,2111
2326,1830
2327,2111
2328,2111
2329,1830
2330,2111
2331,1830
2332,2111
2333,2111
2334,1830
2335,2111
2336,2111
2337,1859
2338,2111
2339,1830
2340,1830
2341,2111
2342,2111
2343,2111
2344,2111
2345,2111
2346,1859
2347,1830
2348,1830
2349,2111
2350,1830
2351,2111
2352,1830
2353,1830
2354,1830
2355,2111
2356,1830
2357,2111
2358,2111
2359,1830
2360,2111
2361,2111
2362,2111
2363,1830
2364,1859
2365,1859
2366,2111
2367,2111
2368,2111
2369,1830
2370,1830
2371,2111
2372,2111
2373,2111
2374,1830
2375,2111
2376,1830
2377,2111
2378,1859
2379,2111
2380,2111
2381,1830
2382,2111
2383,1830
2384,2111
2385,2111
2386,1830
2387,1830
2389,2111
2390,2111
2391,1830
2392,1830
2393,1830
2394,2111
2395,1830
2396,2111
2397,2111
2398,2111
2399,2111
2400,2111
2401,2111
2402,2111
2403,2111
2404,1830
2405,2111
2406,2111
2407,1830
2408,1830
2409,1830
2410,1830
2411,2111
2412,2111
2413,2111
2414,1830
2415,2111
2416,2111
2417,2111
2418,1830
2419,2111
2420,2111
2421,2111
2422,2111
2423,1830
2424,2111
2425,2111
2426,2111
2427,1830
2428,1830
2429,1830
2430,1830
2431,2111
2432,2111
2433,1830
2434,2111
2435,1859
2436,2111
2438,2111
2439,2111
2440,2111
2441,2111
2442,1830
2443,1830
2444,2111
2445,2111
2446,1830
2447,1859
2448,2111
2449,1830
2450,2111
2451,2111
2452,2111
2453,2111
2454,1830
2455,2111
2456,2111
2458,2111
2459,1859
2460,1830
2461,2111
2462,1830
2463,2111
2464,1830
2465,2111
2466,2111
2467,1830
2468,1830
2469,1830
2471,2111
2472,2111
2473,2111
2474,2111
2475,2111
2476,1830
2477,1830
2478,1830
2479,2111
2480,2111
2481,2111
2482,1830
2483,2111
2484,1830
2485,1830
2486,2111
2487,2111
2488,2111
2489,1830
2490,2111
2491,2111
2492,1830
2493,2111
2494,1859
2495,1830
2496,2111
2497,2111
2498,2111
2499,1830
2500,1830
2501,2111
2502,2111
2503,2111
2504,1830
2505,2111
2506,1830
2507,1830
2508,2111
2509,2111
2510,2111
2511,2111
2512,2111
2513,2111
2514,2111
2515,2111
2516,2111
2518,2111
2519,2111
2520,1830
2521,1830
2522,2111
2523,2111
2524,1830
2525,2111
2526,1830
2527,2111
2528,2111
2529,2111
2530,2111
2531,2111
2532,1830
2533,2111
2534,2111
2535,2111
2536,1830
2537,2111
2538,1859
2539,1830
2540,2111
2542,1830
2543,1830
2544,2111
2546,1830
2547,2111
2548,2111
2549,1830
2550,1830
2551,1830
2552,1830
2553,1830
2554,1830
2555,2111
2556,1830
2557,2111
2558,2111
2559,1830
2560,1830
2561,1830
2562,2111
2563,1830
2564,1830
2565,2111
2566,2111
2567,2111
2568,2111
2570,2111
2571,2111
2573,1830
2574,1830
2575,1830
2576,1830
2577,2111
2578,1830
2579,1830
2581,2111
2582,2111
2583,1859
2584,1830
2585,1859
2586,1830
2588,2111
2589,2111
2590,1830
2591,1830
2592,2111
2593,1830
2594,2111
2597,2111
2598,2111
2599,2111
2600,1830
2601,1830
2602,1830
2603,2111
2604,1830
2605,2111
2606,1830
2607,1830
2608,2111
2609,2111
2610,2111
2611,1830
2613,1830
2614,2111
2615,1830
2616,2111
2617,2111
2618,2111
2619,1830
2620,1859
2622,2111
2623,1830
2624,1830
2625,1830
2626,1859
2627,1859
2628,2111
2629,2111
2630,1830
2631,1830
2633,1859
2636,1859
2637,2111
2638,1830
2639,1859
2640,1859
2641,2111
2642,2111
2643,2111
2645,1859
2646,1830
2647,1859
2648,1859
2654,1830
2657,1859
2658,1859
2659,1859
2661,2939
2662,2939
2663,2692
2664,2692
2665,2939
2666,2692
2667,2939
2668,2939
2669,2692
2670,3889
2671,2939
2672,2939
2673,2692
2674,2939
2675,2939
2676,2692
2677,2939
2678,2939
2679,2692
2680,2692
2681,2692
2682,2939
2683,2692
2684,2939
2685,2939
2686,2939
2687,2939
2688,2939
2689,2692
2690,2939
2691,2939
2692,2939
2693,2939
2694,2692
2695,2692
2696,2939
2697,2939
2698,2692
2699,3889
2700,2939
2701,2939
2702,2939
2703,3889
2705,2692
2706,2692
2707,2939
2708,2939
2709,2939
2710,2692
2711,2939
2712,2939
2713,2939
2714,2939
2715,2939
2716,2939
2717,2692
2718,2939
2719,2939
2720,2939
2721,2939
2722,2939
2723,2939
2724,2939
2725,2939
2726,2692
2727,2939
2728,2939
2729,2692
2730,2939
2731,2692
2732,2939
2733,2939
2734,2939
2735,2939
2736,2939
2737,2939
2738,2692
2739,2939
2741,2692
2742,2939
2743,2692
2744,2939
2745,2692
2746,2692
2747,2939
2748,2939
2749,2692
2750,2692
2751,2939
2752,2939
2753,2939
2754,2692
2755,2692
2756,2692
2757,2692
2758,2939
2759,2692
2760,2939
2761,2692
2762,2939
2763,2692
2764,2939
2765,2939
2766,2692
2767,3889
2768,2939
2769,2692
2770,2939
2771,2939
2772,2939
2773,2692
2774,2939
2775,2939
2776,2939
2777,2692
2778,2939
2779,2939
2780,2939
2781,2939
2782,2692
2783,2939
2784,2939
2785,2939
2786,2692
2787,2939
2788,2939
2789,2692
2790,2939
2791,2939
2792,2939
2793,2939
2794,2692
2795,2939
2796,2939
2797,2939
2798,2692
2799,2939
2800,2692
2801,2939
2802,2939
2803,2939
2804,2939
2805,2939
2806,2692
2807,2692
2808,2939
2809,2692
2810,2692
2811,2939
2812,2939
2813,2939
2815,2692
2816,2939
2817,2939
2818,2939
2819,2939
2820,2939
2821,2692
2822,2939
2823,2939
2824,2939
2825,2939
2826,2939
2827,2692
2828,2939
2829,2939
2830,2939
2831,2939
2832,2939
2833,2939
2834,3889
2835,2692
2836,2939
2837,2692
2838,2939
2839,2692
2840,2939
2841,2939
2843,2939
2844,2939
2845,2939
2846,2939
2847,2939
2848,2939
2849,2939
2850,2692
2851,2692
2852,2692
2853,2939
2854,2692
2855,2939
2856,2939
2857,2939
2858,2939
2859,2939
2860,2939
2861,2939
2862,2692
2863,2939
2864,2692
2865,2939
2866,2692
2867,2692
2868,2939
2869,2939
2870,2939
2871,2939
2872,2692
2873,2692
2874,2692
2875,2939
2876,2939
2877,2692
2878,2939
2879,3889
2880,2692
2881,2939
2882,2939
2883,2939
2884,2692
2885,2939
2886,2939
2887,2692
2888,2692
2889,3889
2890,2692
2891,2692
2892,2939
2893,2939
2894,2939
2895,2939
2896,2692
2897,2692
2898,2939
2899,2692
2900,2939
2901,2939
2902,2939
2903,2939
2904,2939
2905,2692
2906,2692
2907,2692
2908,2692
2909,2692
2910,2692
2911,2692
2912,2692
2913,2692
2914,2939
2915,2692
2916,2692
2917,2692
2918,2939
2919,2692
2920,2692
2921,2939
2922,2939
2923,2939
2924,2692
2925,2692
2926,2939
2927,2692
2928,2692
2929,2692
2930,2939
2931,2692
2932,2939
2933,2939
2934,2939
2935,2939
2936,2939
2937,2939
2938,2939
2939,2939
2940,2692
2941,2939
2942,2939
2943,2692
2944,2692
2945,2692
2946,2692
2947,2939
2948,2692
2949,2939
2950,2939
2951,2939
2952,2692
2953,2692
2954,2939
2955,2939
2956,2692
2957,2939
2958,2939
2959,3889
2960,2692
2961,2692
2962,2939
2963,2692
2964,2939
2965,2939
2966,2692
2967,2692
2968,2939
2969,2692
2970,2939
2972,3889
2973,2939
2974,2692
2975,2939
2976,2939
2977,2692
2978,2692
2979,2939
2980,2939
2981,2692
2982,3889
2983,2939
2984,2939
2985,2692
2986,2692
2987,2692
2988,2692
2989,2939
2990,2939
2991,2939
2992,2939
2993,2692
2994,2692
2995,2939
2996,2939
2997,2939
2998,2939
2999,2939
3000,2692
3001,2939
3002,2939
3004,2692
3005,2939
3007,2939
3008,3889
3009,2939
3010,2692
3011,2939
3012,2939
3013,2939
3014,2692
3015,2939
3016,2939
3017,2939
3018,2939
3019,2939
3020,2939
3021,2939
3022,2692
3023,2692
3024,2939
3025,2692
3026,2692
3027,2939
3028,2939
3029,2692
3030,2692
3032,2939
3033,2692
3034,2939
3035,2939
3036,2692
3038,2939
3039,2939
3040,2692
3041,2939
3042,2692
3043,2939
3044,2692
3045,2692
3046,2939
3047,2692
3048,2939
3049,2939
3050,2939
3051,2939
3052,2692
3053,2939
3054,2692
3055,2939
3056,2692
3057,2939
3058,2939
3059,2692
3060,2939
3061,2939
3062,2939
3063,2939
3064,2692
3065,2692
3066,2939
3067,2939
3068,2939
3069,2939
3070,2939
3072,2939
3073,2692
3074,2939
3075,2939
3076,2939
3077,2939
3078,2692
3079,2939
3080,2692
3081,2939
3082,2939
3083,2939
3084,2692
3085,2692
3086,2939
3087,2939
3088,2939
3089,2939
3090,2692
3092,2692
3093,2939
3094,2939
3095,2692
3096,2692
3097,2939
3098,2692
3099,2939
3100,2939
3101,2939
3102,2939
3103,2939
3104,2692
3105,2939
3106,2939
3107,2939
3108,2692
3109,2939
3110,2939
3111,2939
3112,2939
3113,2939
3114,2692
3115,2939
3116,2939
3117,2692
3118,2939
3119,2692
3120,2939
3122,2939
3123,2692
3124,2939
3126,2939
3127,2939
3128,2939
3129,2692
3130,2692
3131,2939
3132,2939
3133,2939
3135,2692
3136,2939
3137,2692
3138,2939
3139,2692
3140,2939
3141,2939
3142,2692
3143,2692
3144,2939
3145,2939
3146,2939
3148,2939
3149,2692
3150,2939
3151,2939
3152,2939
3153,2692
3154,2939
3155,2939
3156,2939
3157,2939
3158,2692
3159,2939
3160,2939
3161,2939
3162,2939
3163,2692
3164,2939
3165,2939
3166,2692
3167,2939
3168,2939
3169,2939
3170,2939
3171,2939
3172,2939
3173,2939
3174,2692
3175,2939
3176,2939
3177,2939
3178,2939
3179,2939
3180,2939
3181,2939
3182,2939
3184,2692
3185,2939
3186,2939
3187,2939
3188,2939
3189,2939
3190,2939
3191,2939
3192,2939
3193,2692
3194,2939
3195,2692
3196,2939
3197,2939
3198,2939
3199,2939
3200,2939
3201,2939
3202,2692
3203,2939
3204,2939
3205,2939
3206,2939
3207,2939
3208,2939
3209,2939
3210,2939
3211,2939
3212,2939
3213,2692
3214,2939
3215,2939
3217,2939
3218,2939
3219,2939
3220,2692
3221,2939
3222,2939
3223,2939
3224,2939
3225,2939
3226,2692
3227,2692
3228,2692
3229,2692
3231,2692
3232,2692
3233,2939
3234,2692
3235,2939
3236,2939
3237,2692
3238,2692
3239,2939
3240,2939
3241,2939
3242,2939
3243,2692
3244,2939
3245,2939
3246,2939
3247,2939
3248,2939
3249,2939
3250,2692
3251,2939
3252,2939
3253,2939
3254,2939
3255,2939
3256,2939
3257,2692
3258,2939
3259,2939
3260,2939
3261,2939
3262,2939
3263,2939
3264,2939
3265,2939
3266,2939
3267,2939
3268,2939
3269,2692
3272,2939
3273,2939
3274,2939
3275,2939
3276,2939
3277,2939
3278,2939
3279,2939
3280,2939
3281,2939
3283,3889
3284,2692
3285,2939
3286,2692
3287,2939
3288,2939
3289,2939
3291,2939
3292,2939
3293,2692
3294,2692
3295,2939
3296,2939
3297,2939
3298,2939
3299,2939
3300,2692
3301,2692
3302,2939
3303,2692
3304,2692
3305,2939
3306,2939
3307,2939
3308,2939
3309,3889
3311,3889
3312,2939
3313,2939
3314,3889
3315,2692
3316,2939
3317,2692
3318,3889
3319,2939
3320,2939
3321,2939
3322,2939
3323,2939
3324,2692
3325,3889
3326,2939
3327,2939
3328,2939
3329,2939
3330,2939
3331,2939
3332,2939
3333,2692
3334,2939
3335,2939
3337,2939
3338,2939
3339,2692
3340,2939
3341,2939
3342,2939
3343,2939
3344,2939
3345,2939
3346,2939
3347,2939
3348,2692
3349,2939
3350,2939
3351,2939
3352,2939
3353,2939
3355,2939
3356,2939
3357,2939
3358,2939
3359,2939
3360,2939
3362,2692
3363,2692
3364,2692
3365,2939
3366,2939
3367,2939
3369,2939
3371,2939
3376,2939
3377,2939
3378,2939
3379,2939
3381,2939
3382,3889
3384,2692
3386,2939
3387,2692
3388,2692
3390,2692
3391,2939
3392,2692
3394,2692
3395,2939
3396,2939
3397,2939
3398,2939
3399,2692
3401,2939
3402,2939
3403,2939
3406,2939
3410,2939
3411,2939
3412,2939
3416,2939
3417,2692
3419,2939
3422,2939
3425,2939
3426,2692
3437,3609
3438,3609
3439,3609
3440,3609
3441,3609
3442,3609
3443,3609
3444,3609
3445,3609
3446,3609
3447,3609
3448,3609
3449,3609
3450,3609
3452,3609
3454,3609
3455,3609
3456,3609
3457,3609
3458,3609
3459,3609
3460,3609
3461,3609
3462,3609
3463,3609
3464,3609
3465,3609
3466,3609
3467,3609
3468,3609
3469,3609
3470,3609
3471,3609
3472,3609
3473,3609
3474,3609
3475,3609
3476,3609
3477,3609
3478,3609
3479,3609
3480,3609
3481,3609
3482,3609
3483,3609
3484,3609
3485,3609
3486,3609
3487,3609
3488,3609
3489,3609
3490,3609
3491,3609
3492,3609
3493,3609
3494,3609
3495,3609
3496,3609
3497,3609
3498,3609
3499,3609
3500,3609
3501,3609
3502,3609
3503,3609
3504,3609
3505,3609
3506,3609
3507,3609
3508,3609
3509,3609
3510,3609
3511,3609
3512,3609
3513,3609
3514,3609
3515,3609
3516,3609
3517,3609
3518,3609
3519,3609
3520,3609
3521,3609
3522,3609
3523,3609
3524,3609
3525,3609
3526,3609
3527,3609
3528,3609
3529,3609
3530,3609
3531,3609
3532,3609
3533,3609
3534,3609
3535,3609
3536,3609
3537,3609
3538,3609
3539,3609
3540,3609
3541,3609
3542,3609
3543,3609
3544,3609
3545,3609
3546,3609
3547,3609
3548,3609
3549,3609
3550,3609
3551,3609
3552,3609
3553,3609
3554,3609
3555,3609
3556,3609
3557,3609
3558,3609
3559,3609
3560,3609
3561,3609
3562,3609
3563,3609
3564,3609
3565,3609
3566,3609
3567,3609
3568,3609
3569,3609
3571,3609
3572,3609
3573,3609
3574,3609
3575,3609
3576,3609
3577,3609
3578,3609
3579,3609
3580,3609
3581,3609
3582,3609
3583,3609
3584,3609
3585,3609
3586,3609
3587,3609
3588,3609
3589,3609
3590,3609
3591,3609
3592,3609
3593,3609
3594,3609
3595,3609
3596,3609
3598,3609
3599,3609
3600,3609
3601,3609
3602,3609
3603,3609
3604,3609
3605,3609
3606,3609
3607,3609
3608,3609
3609,3609
3610,3609
3611,3609
3612,3609
3613,3609
3614,3609
3615,3609
3616,3609
3617,3609
3618,3609
3619,3609
3620,3609
3621,3609
3622,3609
3623,3609
3624,3609
3625,3609
3626,3609
3627,3609
3628,3609
3629,3609
3630,3609
3631,3609
3632,3609
3633,3609
3634,3609
3635,3609
3636,3609
3637,3609
3638,3609
3639,3609
3640,3609
3641,3609
3642,3609
3643,3609
3644,3609
3645,3609
3646,3609
3647,3609
3648,3609
3649,3609
3651,3609
3652,3609
3653,3609
3654,3609
3655,3609
3656,3609
3657,3609
3658,3609
3659,3609
3660,3609
3661,3609
3662,3609
3663,3609
3664,3609
3665,3609
3666,3609
3667,3609
3668,3609
3669,3609
3670,3609
3671,3609
3672,3609
3674,3609
3675,3609
3676,3609
3677,3609
3678,3609
3679,3609
3680,3609
3681,3609
3682,3609
3683,3609
3684,3609
3685,3609
3687,3609
3689,3609
3690,3609
3691,3609
3692,3609
3693,3609
3694,3609
3695,3609
3696,3609
3697,3609
3698,3609
3700,3609
3701,3609
3702,3609
3703,3609
3704,3609
3705,3609
3706,3609
3707,3609
3708,3609
3710,3609
3711,3609
3712,3609
3713,3609
3714,3609
3715,3609
3716,3609
3717,3609
3718,3609
3719,3609
3720,3609
3721,3609
3722,3609
3723,3609
3725,3609
3726,3609
3727,3609
3728,3609
3730,3609
3731,3609
3733,3609
3734,3609
3735,3609
3736,3609
3737,3609
3738,3609
3739,3609
3740,3609
3741,3609
3742,3609
3743,3609
3744,3609
3745,3609
3746,3609
3747,3609
3749,3609
3750,3609
3751,3609
3752,3609
3753,3609
3754,3609
3755,3609
3756,3609
3757,3609
3758,3609
3759,3609
3760,3609
3761,3609
3762,3609
3763,3609
3764,3609
3765,3609
3766,3609
3767,3609
3768,3609
3769,3609
3771,3609
3772,3609
3773,3609
3774,3609
3775,3609
3776,3609
3777,3609
3778,3609
3779,3609
3780,3609
3781,3609
3782,3609
3783,3609
3784,3609
3785,3609
3786,3609
3787,3609
3788,3609
3789,3609
3790,3609
3791,3609
3792,3609
3793,3609
3794,3609
3795,3609
3796,3609
3797,3609
3799,3609
3800,3609
3801,3609
3802,3609
3803,3609
3804,3609
3805,3609
3806,3609
3809,3609
3810,3609
3811,3609
3813,3609
3814,3609
3815,3609
3817,3609
3818,3609
3819,3609
3821,3609
3822,3609
3823,3609
3824,3609
3825,3609
3826,3609
3828,3609
3829,3609
3830,3609
3831,3609
3833,3609
3834,3609
3835,3609
3836,3609
3837,3609
3838,3609
3840,3609
3841,3609
3842,3609
3843,3609
3844,3609
3845,3609
3847,3609
3848,3609
3849,3609
3851,3609
3852,3609
3854,3609
3855,3609
3857,3609
3858,3609
3859,3609
3860,3609
3861,3609
3862,3609
3863,3609
3864,3609
3866,3609
3867,3609
3868,3609
3869,3609
3870,3609
3871,3609
3872,3609
3873,3609
3874,3609
3875,3609
3877,3609
3878,3609
3879,3609
3880,3609
3883,3609
3884,3609
3886,3609
3887,3609
3888,3609
3889,3609
3890,3609
3891,3609
3892,3609
3893,3609
3894,3609
3896,3609
3897,3609
3898,3609
3899,3609
3900,3609
3901,3609
3902,3609
3903,3609
3906,3609
3907,3609
3909,3609
3912,3609
3914,3609
3915,3609
3916,3609
3918,3609
3920,3609
3924,3609
3925,3609
3926,3609
3927,3609
3929,3609
3930,3609
3931,3609
3933,3609
3937,3609
3938,3609
3939,3609
3940,3609
3943,3609
3944,3609
3945,3609
3947,3609
3948,3609
3950,3609
3951,3609
3956,3609
3957,3609
3960,3609
3962,3609
3964,3609
3966,3609
3968,3609
3980,3648
3981,3648
3982,3648
3983,3648
3985,3648
3986,3648
3987,3648
3988,3648
3989,3648
3990,3648
3991,3648
3992,3648
3993,3648
3994,3648
3995,3648
3996,3648
3997,3648
3998,3648
3999,3648
4000,3648
4001,3648
4002,3648
4003,3648
4004,3648
4006,3648
4007,3648
4009,3648
4011,3648
4013,3648
4014,3648
4016,3648
4017,3648
4018,3648
4019,3648
4020,3648
4021,3648
4023,3648
4026,3648
4027,3648
4031,3648
11,282
12,282
15,282
18,282
37,282
42,282
43,282
74,282
114,282
138,282
157,282
179,282
183,282
191,282
205,282
209,282
210,282
215,282
235,282
237,282
240,282
241,282
247,282
253,282
255,282
256,282
264,282
267,282
270,282
278,282
279,282
282,282
283,282
286,282
287,282
289,282
292,282
293,282
294,282
295,282
296,282
298,282
307,282
316,282
317,282
321,282
327,282
328,282
332,282
335,282
336,282
337,282
338,282
340,282
341,282
342,282
343,282
344,282
345,282
346,282
347,282
2814,2939
3003,2939
3290,2939
911,1613
918,1613
1096,1613
1119,1613
1145,1613
1206,1613
1208,1613
1224,1613
1233,1697
1253,1697
1326,1697
1386,1613
1394,2598
1466,1613
1486,2939
1560,1613
1579,2598
1581,1613
1586,1613
1690,1362
1708,2598
1711,1613
1713,1362
1755,1362
1760,2598
1762,1697
1764,1362
1777,1697
1788,2598
1808,1697
1814,1697
1825,2598
1830,1362
1834,1613
1838,2939
1840,1362
1851,1613
1853,1697
1854,1613
1855,1362
1856,1613
1866,2598
1875,1362
1882,1697
1883,1613
1889,2598
1890,1613
1891,1613
1892,2598
1895,2598
1896,2598
1900,1613
1903,1362
1905,1613
1906,1362
1907,1362
1908,2598
1910,1697
1911,1613
2635,2111
2649,2111
2653,2111
2660,1859
2704,2939
2740,2939
564,1697
358,1697
401,1697
447,1697
468,1697
530,1697
533,1697
535,1697
550,1697
552,1697
562,1697
565,1697
568,1697
569,1697
570,1697
571,1697
572,1697
656,1697
683,1697
610,1697
652,1697
673,1697
593,1697
585,1697
602,1697
607,1697
608,1697
613,1697
624,1697
638,1697
642,1697
648,1697
660,1697
663,1697
667,1697
668,1697
671,1697
674,1697
681,468
682,1697
684,1697
685,1697
1967,1697
3961,3609
692,598
775,598
801,598
832,598
833,598
839,598
841,598
843,598
846,598
848,598
849,598
850,598
851,598
853,598
854,598
855,598
890,598
868,3609
875,598
880,598
883,598
887,598
889,598
891,598
892,598
893,598
894,598
895,598
3361,2939
3404,2939
2971,2939
3420,2939
3409,2939
3385,2939
2842,2939
3006,2939
3031,2939
3037,2939
3071,2939
3091,2939
3121,2939
3125,2939
3134,2939
3147,2939
3183,2939
3216,2939
3230,2939
3270,2939
3271,2939
3282,2939
3310,2939
3336,2939
3354,2939
3368,2939
3370,2939
3372,2939
3373,2939
3374,2939
3375,2939
3380,2939
3383,2939
3389,2939
3393,2939
3400,2692
3405,2939
3407,2939
3408,2939
3413,2692
3414,2692
3415,2939
3418,2939
3421,2939
3423,3889
3424,2939
3427,2939
3428,2692
3429,2939
3430,2692
3431,2939
3432,2939
3433,2692
3434,2939
3435,2692
3436,2692
2079,2111
2195,2111
2269,2111
2388,2111
2437,2111
2457,2111
2470,2111
2517,2111
2541,2111
2545,1830
2569,2111
2572,2111
2580,2111
2587,2111
2595,2111
2596,2111
2612,2111
2621,2111
2632,2111
2634,2111
2644,2111
2650,2111
2651,2111
2652,2111
2655,1830
2656,2111
3451,3609
3453,3609
3570,3609
3597,3609
3650,3609
3673,3609
3686,3609
3688,3609
3699,3609
3709,3609
3724,3609
3729,3609
3732,3609
3748,3609
3770,3609
3798,3609
3807,3609
3808,3609
3812,3609
3816,3609
3820,3609
3827,3609
3832,3609
3839,3609
3846,3609
3850,3609
3853,3609
3856,3609
3865,3609
3876,3609
3881,3609
3882,3609
3885,3609
3895,3609
3904,3609
3905,3609
3908,3609
3910,3609
3911,3609
3913,3609
3917,3609
3919,3609
3921,3609
3922,3609
3923,3609
3928,3609
3932,3609
3934,3609
3935,3609
3936,3609
3941,3609
3942,3609
3946,3609
3949,3609
3952,3609
3953,3609
3954,3609
3955,3609
3958,3609
3959,3609
3963,3609
3965,3609
3967,3609
3969,3609
3970,3609
3971,3609
3972,3609
3973,3609
3974,3609
3975,3609
3976,3609
3977,3609
3978,3609
3979,3609
3984,3648
4005,3648
4008,3648
4010,3648
4012,3648
4015,3648
4022,3648
4024,3648
4025,3648
4028,3648
4029,3648
4030,3648
4032,3648
4033,3648
4034,3648
4035,3648
4036,3648
4037,3648
4038,3648